1,PTS636 SMG25J SMTR LFS 
2,61303211121
1,ATSAME51J18A-AUT 
1,12401598E4#2A 
1,SM04B-SRSS-TB(LF)(SN) 
12,RMCF0402JT10K0 
1,APHHS1005CGCK 
1,ECS-.327-12.5-12-TR 
1,APHHS1005CGCK 
1,SM04B-SRSS-TB(LF)(SN) 
1,BQ27441DRZR-G1B 
1,BQ24074RGTT 
1,TPS60501DGSR 
1,MP9361DJ-LF-P
1,LM27762DSST 
1,MIC5219-5.0YMM 
1,TCAN1051HVD 
1,PE0402FRF070R01L 
4,RC0402FR-075K1L 
1,RC0402FR-071K13L 
1,RC0402FR-071K18L 
1,RK73H1ETTP4642F 
2,RC1005F4992CS 
2,RC0402FR-0786K6L 
1,S2B-PH-K-S(LF)(SN) 
1,5031821852
1,APHHS1005CGCK 
5,VSKY05301006-G4-08 
1,COM-16347 
3,GMC04X5R474K16NT 
6,C1005X5R0J475M050BC 
5,C1005X7S1A225K050BC 
2,CL05A106MQ5NUNC 
3,CC0402KRX5R5BB105 
1,GRM155R61A564KE15D 
2,CL05A226MQ6ZUN8 
2,GRM155R71C104KA88J 
